TransactionID,BookingID,PaymentTypeID,BankAccountNumber
AE304780966216,BKG000000641,DC,6187511875223452
AH874165008398,BKG000000648,DC,0485911632299130
AJ429216613051,BKG000000733,DC,7746967941533249
AJ492822241678,BKG000000470,DC,3524840354210884
AJ777700180421,BKG000000355,CC,1599727021528456
AL148966613734,BKG000000654,DC,8082748859197996
AN549873106305,BKG000000699,CC,5431850447937022
AP028929988994,BKG000000555,DC,8174353583179524
AQ226097157362,BKG000000960,CC,2062305004224951
AR110145169798,BKG000000007,CC,3890082269002735
AR312048352961,BKG000000790,CC,8401266295300433
AS007517033646,BKG000000321,CC,2090251860951361
AS670696628811,BKG000000332,DC,9156050255704695
AS823724963138,BKG000000845,CC,0027365779912819
AV442596528527,BKG000000571,DC,5561666015823144
AY630147936606,BKG000000444,CC,9726286744892733
AY755869914653,BKG000000500,CC,7940051105589022
AZ010632031562,BKG000000680,DC,0828896284607860
BE807052496676,BKG000000625,CC,7885751505859901
BF092689140038,BKG000000252,DC,0232237788757241
BF381570719347,BKG000000092,DC,2210205774626630
BF481770039432,BKG000000672,CC,9197612346360850
BH686141261357,BKG000000138,CC,8400257315484580
BI349659909010,BKG000000708,DC,6207057287370629
BJ167460995278,BKG000000123,DC,0495815129381186
BJ301147830914,BKG000000547,CC,9879397860000908
BJ959451247422,BKG000000730,DC,5849489098456014
BP313536530117,BKG000000354,CC,8030812801186961
BQ582568921701,BKG000000726,CC,1104987818315269
BR398257857654,BKG000000529,CC,0350079327714821
BS758702517645,BKG000000902,DC,6645491347432809
BU337426008480,BKG000000017,DC,2218549383588803
BV931553437081,BKG000000509,DC,6885369022800361
BW618942560308,BKG000000597,CC,3322882032375152
BW831294724898,BKG000000328,CC,6540129447451138
BZ300210725109,BKG000000756,DC,4742664199343032
BZ805911091797,BKG000000721,CC,7751646378351686
CA098095157069,BKG000000322,CC,7158229614274987
CE034311687587,BKG000000466,CC,0536114479227477
CE176202873831,BKG000000507,DC,8477429939847710
CE380393553723,BKG000000906,CC,6641752539543654
CJ783864609056,BKG000000125,DC,1363194810723483
CV486214888623,BKG000000718,DC,2105535014213173
CY603662326626,BKG000000314,CC,4916341138573817
DA219348704598,BKG000000476,CC,0266082674198873
DC369509977550,BKG000000285,DC,7187036170279210
DD340269505762,BKG000000986,DC,3725751260787462
DG754141253655,BKG000000659,DC,4799166777562927
DH532973375340,BKG000000751,DC,4087179467512074
DI564412258121,BKG000000128,CC,8523555623602904
DI818649984911,BKG000000701,DC,2525681790389914
DK078982312825,BKG000000832,CC,8689722113984334
DN558472130538,BKG000000905,CC,7069899445362997
DR213859725183,BKG000000424,DC,1007810004311975
DT967568390005,BKG000000876,CC,0271578051257088
DU634993506862,BKG000000518,CC,6209827986901262
DV337716239074,BKG000000379,DC,3528162971283069
DV475904815787,BKG000000493,CC,6132547083239765
DX378333826195,BKG000000649,CC,1069508765277423
EA948327756903,BKG000000181,DC,2959251639323796
EC455814699831,BKG000000705,DC,6136991406536496
EC870588171868,BKG000000081,DC,5386107683606012
EE020411181154,BKG000000831,DC,4231730852590313
EE218975093657,BKG000000040,CC,6492557776015487
EE815776087385,BKG000000737,DC,0515200183256746
EF942265225369,BKG000000088,DC,7166505590681193
EH789311640714,BKG000000185,DC,3131751211593325
EI849593967929,BKG000000794,CC,0314567756500032
EM638717991236,BKG000000406,CC,1593619588131252
EO905588934568,BKG000000050,DC,7734979793971189
ER041069597683,BKG000000313,DC,7948733292952425
ES382864246692,BKG000000679,DC,1748686958209254
ET355226104003,BKG000000720,DC,9705001440926252
ET427082280352,BKG000000693,DC,3641223336625263
EU990619633278,BKG000000635,DC,6283268374360297
EY328727563457,BKG000000631,DC,8434978444076175
EZ014119494092,BKG000000008,CC,9148673893154119
EZ124453240221,BKG000000403,CC,2724189268071791
FA093630112542,BKG000000704,CC,9629606498021617
FA949284094446,BKG000000410,CC,8952129269536044
FB292583872726,BKG000000330,CC,9791129738708737
FD236266706393,BKG000000296,DC,0540707788511739
FD841782243174,BKG000000432,CC,8452032940908869
FG274921332320,BKG000000903,CC,2268236440682168
FJ234968397868,BKG000000944,CC,0314725503123756
FK137527321200,BKG000000457,CC,9821973991080747
FM161937762971,BKG000000171,DC,8356695020392323
FP188535169580,BKG000000475,CC,9904724904515649
FR423675017137,BKG000000417,DC,7168752365899617
FT494584172095,BKG000000850,DC,6689987522523340
FT525624085528,BKG000000505,DC,9682535397494077
FU171851138279,BKG000000743,CC,9730338029631239
GC114341515197,BKG000000255,CC,4602918479145039
GC722086240465,BKG000000350,DC,2467897225977002
GD547634304825,BKG000000139,DC,8374844820506984
GG941930863173,BKG000000107,CC,6238391159107614
GH538261315923,BKG000000568,CC,3739462975341530
GK127528452322,BKG000000239,DC,4165826591531539
GK910352552732,BKG000000400,CC,2910816202782412
GN089123948073,BKG000000142,DC,1332741193047396
GO388068917016,BKG000000195,CC,2668492203825924
GQ242755228532,BKG000000006,CC,7085395816640873
GR123257887571,BKG000000752,DC,0618068461482347
GT874239571609,BKG000000204,CC,0198183608633768
GU416198194074,BKG000000229,CC,3217742462288742
GV196935056552,BKG000000479,CC,7936463115455773
GV385419092311,BKG000000579,DC,9985836662082788
GV858343348136,BKG000000276,CC,1473645490500406
HB956244938543,BKG000000809,CC,4066307154494166
HC279316358833,BKG000000465,DC,8361416070870703
HD283589164948,BKG000000404,CC,8612135427302675
HG508251197559,BKG000000401,DC,5436252992226015
HG620259933949,BKG000000430,DC,9623082391749249
HH082319631872,BKG000000362,DC,1429061044085886
HH549709704266,BKG000000021,CC,1176147573289636
HI047458283389,BKG000000164,DC,8243700631763229
HI541238148194,BKG000000098,CC,0041057303021254
HL360427960623,BKG000000639,CC,5879422287375105
HM200482619757,BKG000000530,DC,3135861072980773
HM229686504039,BKG000000121,CC,6485830584832243
HM491444682127,BKG000000880,DC,3857639180464217
HN497262713249,BKG000000247,DC,1539728621312765
HO601962519459,BKG000000857,DC,9863495607729602
HP570025257880,BKG000000356,DC,0446348283441982
HQ960702544480,BKG000000447,DC,1587712701293214
HS013399427707,BKG000000707,DC,9260542530812621
HS029832589031,BKG000000418,DC,0963011457829509
HU612582047825,BKG000000402,DC,9923933304726984
HX828219864618,BKG000000086,DC,9592189158186286
HY741955063419,BKG000000394,DC,3721839481218360
IB810410485307,BKG000000357,DC,5905516505990023
IC384369939665,BKG000000818,CC,6074105711823544
IC395925476162,BKG000000137,CC,1895013022317176
ID694576436742,BKG000000320,CC,2779620176052686
IG523010461095,BKG000000998,DC,6045032029104615
IJ706758286311,BKG000000233,CC,5526891520025576
IK161785245363,BKG000000637,CC,8400812480230799
IK550834990120,BKG000000388,CC,1899543583331682
IK927521384720,BKG000000429,DC,8565636145022446
IL371349351433,BKG000000603,DC,3528113719245607
IM698014798850,BKG000000565,CC,8076001975361852
IP481661258971,BKG000000425,CC,1720139863179972
IQ064450449805,BKG000000324,DC,7210851593540090
IS512736478105,BKG000000192,DC,5059287186654169
IT628210370096,BKG000000826,DC,6354408709485831
IY845429638295,BKG000000499,CC,3341381290275293
IZ051735958089,BKG000000344,DC,5556522212408046
IZ710456607592,BKG000000581,DC,7666042993932896
JC672476889701,BKG000000682,CC,8414818118052614
JD050748123207,BKG000000503,DC,8115607997906103
JE300617775668,BKG000000414,DC,6853529956857752
JF709968767720,BKG000000585,DC,9067405874718027
JG326936743140,BKG000000294,CC,1150550161758768
JK110499670002,BKG000000441,DC,7393132277754366
JL094892658517,BKG000000422,CC,3732101089849300
JL768796924964,BKG000000421,CC,9750590741966819
JL947125688720,BKG000000114,DC,8647103842880392
JN165343261075,BKG000000096,DC,7151056289941282
JN371308160227,BKG000000161,CC,6758756647749241
JP517663463979,BKG000000539,CC,9639818918094899
JS213920912786,BKG000000105,DC,3213786348481722
JS283942999423,BKG000000692,CC,8411882269353379
JU485717182351,BKG000000664,CC,4663722752312650
JV175024357550,BKG000000116,DC,1404102619198623
JV622339980998,BKG000000174,CC,7876317030115106
KA104902468946,BKG000000888,CC,3342080179522587
KB202991626646,BKG000000187,CC,1687130007378403
KD986458596016,BKG000000883,CC,5086409804711001
KF492288531138,BKG000000297,DC,5512270046271015
KH786394435236,BKG000000383,DC,4493104364444172
KH934401621681,BKG000000405,CC,7900812399946106
KI070545853963,BKG000000504,DC,4042460756393107
KJ184844564627,BKG000000305,DC,5648522325321342
KJ268102510522,BKG000000833,DC,9997579976530373
KM677740004585,BKG000000760,DC,7671460649084804
KN014314123400,BKG000000702,DC,3388385851092457
KO117797792001,BKG000001000,DC,1624084370463336
KO990280287160,BKG000000774,DC,1626018992125210
KP119665483969,BKG000000083,CC,8802200161442516
KQ081438033367,BKG000000455,CC,9286559044648607
KR681807977221,BKG000000627,DC,0110746359210948
KR925928495563,BKG000000072,DC,6705939964813537
KS525785563183,BKG000000303,DC,8900603613657224
KT223726979117,BKG000000865,DC,0424481947979609
KY004398424738,BKG000000671,CC,6090331308418181
KY157226137534,BKG000000683,CC,7293575144850143
KZ291932681634,BKG000000024,CC,2490435724558036
LC775526537367,BKG000000487,CC,7254816160247847
LD069746732801,BKG000000200,CC,3911141394094121
LF938789890714,BKG000000576,DC,8379777540753442
LG111453934509,BKG000000573,DC,9883983703515862
LG655776971599,BKG000000329,CC,6802418628414417
LL562612663862,BKG000000375,DC,5040229550756332
LP053944666969,BKG000000258,DC,7352830111744484
LP405602541060,BKG000000768,DC,6705103794063420
LQ109486581861,BKG000000574,DC,6299633592980537
LR428020059509,BKG000000245,CC,3884430963640416
LR822641219321,BKG000000593,CC,8183067363754652
LT574277863901,BKG000000032,CC,4951919523331999
LT861909500122,BKG000000084,CC,9325476840077478
LU036776649934,BKG000000896,CC,0005849717458604
LW874770771327,BKG000000740,CC,7761017538900601
LX849872292567,BKG000000043,CC,5893278599922655
LZ010482033892,BKG000000260,DC,4331612727155031
MB728503160990,BKG000000608,CC,8801330105917205
MC355421653344,BKG000000891,CC,2826784774459907
MC629699783346,BKG000000729,DC,5654102879834956
MJ176614590234,BKG000000286,CC,9182524809854565
MK784581549970,BKG000000722,DC,0545027631853477
MK873130628902,BKG000000275,DC,3352159754095625
ML113056497188,BKG000000228,DC,9499376379137915
MM914600034343,BKG000000765,DC,0323193916492835
MO155764825361,BKG000000806,CC,7625844163169167
MO596925528782,BKG000000365,CC,6429016116427858
MO779940653412,BKG000000368,CC,2681105524711839
MP166172817338,BKG000000584,DC,5570142019191805
MR138331140454,BKG000000244,CC,9282400982779089
MW982430585393,BKG000000416,DC,6380436024264021
MY997266291363,BKG000000178,CC,5780574076445204
NB045630041721,BKG000000412,DC,8681946014356531
NC213588606638,BKG000000877,DC,0027559408288963
NH199504508600,BKG000000060,CC,2631102119086931
NH713271914531,BKG000000143,DC,2590066987952010
NH742459784788,BKG000000868,DC,6968521192594709
NL127657259959,BKG000000995,DC,6956847283371958
NP580754649206,BKG000000688,DC,3825579224251740
NS013666948546,BKG000000629,CC,3451579020141495
NS088978222985,BKG000000632,DC,9563640255516135
NT268244717612,BKG000000498,DC,4440058924963636
NT638547978125,BKG000000478,DC,1976392783347127
NZ636075889497,BKG000000946,CC,5632203513920683
OC444144601434,BKG000000046,CC,8949811057021641
OC558096762532,BKG000000783,DC,3658067371893820
OD635195156549,BKG000000488,CC,6453124227563172
OD989915536323,BKG000000198,CC,8190354870055248
OE920064682457,BKG000000849,DC,5690232314283317
OF675178753951,BKG000000738,DC,9000788918399373
OH968005501025,BKG000000677,CC,2200785457032047
OK475504994545,BKG000000830,CC,8140417455733091
OL190583879670,BKG000000646,DC,1644383760604188
OR200068195826,BKG000000449,CC,1866090621305603
OR406839055523,BKG000000956,DC,0218347895320026
OS125595868171,BKG000000382,DC,9150129597137984
OX026889862957,BKG000000674,DC,0089044224001479
OY063032965382,BKG000000076,CC,3697485760480746
OZ631647145283,BKG000000179,CC,8837072854325941
PA141980368732,BKG000000723,DC,6623276631699284
PB020115092149,BKG000000483,CC,2745980138906477
PD316779340109,BKG000000843,DC,5230885872483282
PD555496803881,BKG000000758,CC,3128144377881488
PE174580967652,BKG000000535,CC,0880913876429079
PG337976702875,BKG000000093,CC,8253759044019017
PG872221109992,BKG000000930,CC,5471143583310830
PH162975454296,BKG000000715,CC,4202863332978517
PM117430050245,BKG000000577,DC,8004926292624956
PO463271048467,BKG000000551,DC,1726004457616948
PO558548153487,BKG000000796,CC,9438071067794721
PO883299149512,BKG000000630,DC,4788560963378986
PP923686520574,BKG000000057,DC,6334228460716301
PQ641742336151,BKG000000599,DC,7696285315518285
PQ889134753631,BKG000000975,DC,1977612583215032
PV006521830667,BKG000000670,CC,0657905228600614
PW085355234066,BKG000000976,DC,3322827782444198
QB137907081991,BKG000000858,DC,1998715263348317
QB839577907224,BKG000000942,CC,1191885659083576
QD445523067448,BKG000000452,DC,0323810677586153
QH995687830420,BKG000000169,CC,1029401307877526
QI731218330467,BKG000000541,DC,2492201278433356
QJ873894088389,BKG000000486,CC,7630759431447142
QS145372121439,BKG000000697,DC,8675375376412767
QS183093270350,BKG000000642,DC,6661853110342699
QS749923312649,BKG000000339,DC,9903509440966411
QU233772896902,BKG000000212,CC,5444306334515839
QX931980671763,BKG000000779,DC,6972256987269544
QY548523522415,BKG000000983,DC,3834633704968717
QZ343634854560,BKG000000190,CC,7754294476142487
RA165605747727,BKG000000984,CC,4031605812540090
RC139586298750,BKG000000454,DC,1273592146791254
RD408296487103,BKG000000312,DC,2000344170663760
RF020558535067,BKG000000338,DC,7330765051983244
RI283209596483,BKG000000359,DC,1355052050254386
RL593182831877,BKG000000590,CC,9208433176188574
RO853288522524,BKG000000261,CC,4177185496683390
RP750981969887,BKG000000027,DC,8926089046727316
RQ010183344642,BKG000000544,DC,5097904309920051
RQ568864976373,BKG000000262,DC,5157327336746783
RR974132969938,BKG000000824,DC,0948542781183705
RW714823249887,BKG000000015,CC,1486529979420650
RX329121934056,BKG000000205,CC,0562046797169189
RY293019758177,BKG000000538,CC,7168951188504606
SD971492705305,BKG000000213,DC,5644515218969134
SF652850662001,BKG000000588,DC,5686244508543918
SG418382178663,BKG000000810,CC,7952250466197288
SH660523763017,BKG000000911,DC,5238291315490671
SL407120156768,BKG000000343,DC,0307438798029491
SM622918904596,BKG000000423,DC,1100581855406134
SO650185028159,BKG000000254,CC,8842874806705828
SP092014504054,BKG000000397,CC,1662397134722751
SQ765369843490,BKG000000914,DC,3419866435355396
SQ832609843635,BKG000000652,CC,2032662387899238
SY416679820277,BKG000000464,DC,5365658407834721
SZ024065440325,BKG000000977,DC,0158759602474408
SZ840980235487,BKG000000662,DC,1426066879997646
TD500559724096,BKG000000207,CC,2742307676415761
TD926203362638,BKG000000323,DC,1859657710279340
TF728898639119,BKG000000104,CC,9678133431771328
TF869482377201,BKG000000853,CC,0517071379816568
TI194024187189,BKG000000049,DC,2711773169028829
TK094201567615,BKG000000520,CC,0030159184485443
TL379202001214,BKG000000714,CC,0001178601065016
TM868357643463,BKG000000856,CC,6388843344941483
TN702159036586,BKG000000502,CC,5888911975890914
TP899194143050,BKG000000528,CC,7470036226620914
TQ998021848963,BKG000000604,CC,9420847806998209
TR107730621272,BKG000000898,CC,1636205001935967
TS246367229025,BKG000000926,DC,7121481379071349
TS300636706774,BKG000000172,CC,6524101784763191
TS351781634266,BKG000000925,CC,0474011173219350
TS658266924873,BKG000000777,CC,7162217299407843
TU804807771958,BKG000000511,DC,2671573246003868
TU986491508683,BKG000000934,CC,4429157271662948
UC380379372837,BKG000000653,CC,8998356802045847
UD993755495441,BKG000000558,CC,6362611284000008
UE100278028896,BKG000000764,DC,9536276418780584
UF739371579325,BKG000000160,CC,8388530305800681
UG538911664074,BKG000000761,CC,7305897359826716
UN997414550726,BKG000000278,CC,4368888385004638
UO789866870373,BKG000000287,DC,3803403609866067
UP702480367282,BKG000000842,CC,8872747108208709
UP792465186969,BKG000000616,DC,7105766181902216
US741244063223,BKG000000363,DC,2228551323225939
UX680893859100,BKG000000596,DC,5548901065853493
VB307918776018,BKG000000110,DC,7964735610701594
VC415110079164,BKG000000787,CC,6758569609597647
VE438407295069,BKG000000458,CC,0607663889824524
VG386936781426,BKG000000835,DC,0309139273823823
VI827125769298,BKG000000614,CC,5562483501586382
VJ809552070271,BKG000000886,CC,7931591476062276
VK029079934878,BKG000000221,DC,0153708409577235
VK234196745584,BKG000000598,CC,2405115234429432
VK631439419801,BKG000000434,DC,5779593437275797
VK980974457124,BKG000000676,CC,7184906336037442
VM401178089735,BKG000000307,DC,2940885795482891
VM529587789148,BKG000000700,CC,1865428757687526
VN908355730704,BKG000000385,CC,4340671162015272
VP223714562421,BKG000000420,CC,8659538437804208
VQ234107012034,BKG000000051,DC,5308461498427373
VS144241155383,BKG000000290,DC,1671307159217432
VS613029233903,BKG000000018,CC,8949564868838642
VT505019691195,BKG000000767,CC,9579546479802703
VT692230722185,BKG000000029,DC,1286918886173983
VW207051447657,BKG000000859,CC,9034293798277826
WA486806404782,BKG000000554,DC,6132870315872100
WB000007458156,BKG000000132,CC,0113590754523299
WB521931970987,BKG000000969,DC,8700351578523569
WC091709314331,BKG000000771,DC,5906916522866343
WD532373647528,BKG000000130,DC,9639451021780105
WD706629178238,BKG000000037,DC,9900585645284199
WD718077163780,BKG000000462,DC,1399471912802396
WE005959905334,BKG000000875,DC,7745021609945944
WH750513387693,BKG000000202,CC,5998812858793392
WI906419342106,BKG000000235,DC,2391549542539308
WL181701861575,BKG000000866,DC,5794575830619170
WP530927887503,BKG000000815,CC,4742274091519478
WP747898479012,BKG000000628,DC,2934377284517569
WR089112455400,BKG000000570,DC,4314040226087520
WT957828304388,BKG000000772,DC,0823640824543208
WT985956525386,BKG000000175,CC,1298892015342821
WU488914710882,BKG000000010,DC,1387440885824160
WU648715839234,BKG000000033,CC,8822029333096995
WW284479840060,BKG000000199,DC,4086498593765172
WW309034511404,BKG000000893,DC,5586206687621210
WX015935354632,BKG000000119,DC,0597000883632282
WX882033113683,BKG000000118,DC,9352535675066046
WY545553491025,BKG000000234,DC,3305087518001614
XC003995572288,BKG000000236,CC,2763589547475930
XC779314886905,BKG000000496,CC,7746184466883240
XE560374114238,BKG000000241,DC,4537632374667595
XE927382147004,BKG000000922,DC,0487170194527853
XH889328122606,BKG000000257,DC,6390857135402933
XI503930249039,BKG000000419,CC,5630811048006862
XK955344093979,BKG000000552,DC,1669666782894438
XL218467545514,BKG000000828,DC,2953880519257854
XL502683462209,BKG000000836,DC,9009229809261100
XM549003820209,BKG000000881,CC,2054054788452824
XN114362757014,BKG000000111,CC,8043040366760714
XP588898760687,BKG000000519,CC,6353209704107190
XQ584722904667,BKG000000091,DC,7234894024036891
XQ686656225044,BKG000000038,DC,0982387614098746
XR870665049050,BKG000000170,CC,2262128894688368
XT251522944816,BKG000000890,DC,4267898257542439
XU300967203800,BKG000000958,CC,2337983396159531
XU433100666655,BKG000000109,CC,4186878786592164
XV679896089745,BKG000000591,CC,4388102368984950
XW236196877387,BKG000000602,CC,7025447911263536
XW914725736815,BKG000000572,CC,9628013094942187
YF443361506475,BKG000000151,CC,1468921956421004
YF860211060172,BKG000000054,CC,3871457399132897
YG069473299212,BKG000000817,DC,1559844090914757
YI318603456776,BKG000000019,DC,1042170590393956
YM283872868893,BKG000000494,DC,3360908407708186
YM953820762178,BKG000000281,DC,8257931090282146
YO681409682982,BKG000000100,DC,7320406240062550
YP253797019149,BKG000000929,DC,0490656697874385
YR019705033843,BKG000000594,DC,6103760173250280
YX770350258408,BKG000000089,DC,0738440538330392
ZD201293713347,BKG000000225,CC,5298519865221256
ZE283569258017,BKG000000460,CC,7858686189694669
ZG145730420510,BKG000000473,CC,3510628601351654
ZI689236440199,BKG000000540,CC,2007415794947871
ZK271142011725,BKG000000380,DC,3843013403143818
ZL132794027317,BKG000000531,CC,8277236830095234
ZR587499520086,BKG000000446,DC,7476926162751544
ZS219790967179,BKG000000173,DC,9505746347767548
ZS544643769128,BKG000000259,CC,0370721342106166
ZS964391215311,BKG000000331,CC,9643642830393956
ZT168000004461,BKG000000513,DC,1627425159867291
ZV117558098479,BKG000000543,DC,1036681883092630
ZV545261685786,BKG000000982,CC,3414629171270962
ZV866579257655,BKG000000668,CC,6832988080139641
ZX495991704117,BKG000000191,CC,2011278717659824
